Domain Code,Domain,Area Code (M49),Area,Element Code,Element,Item Code (CPC),Item,Year Code,Year,Unit,Value,Flag,Flag Description,Note
"QCL","Crops and livestock products","250","France","5510","Production","0115","Barley","2020","2020","t","10277230","A","Official figure",""
"QCL","Crops and livestock products","250","France","5510","Production","0115","Barley","2021","2021","t","11321320","A","Official figure",""
"QCL","Crops and livestock products","250","France","5510","Production","0115","Barley","2022","2022","t","11285440","A","Official figure",""
"QCL","Crops and livestock products","250","France","5510","Production","0115","Barley","2023","2023","t","12143490","A","Official figure",""
"QCL","Crops and livestock products","250","France","5510","Production","0115","Barley","2024","2024","t","9669250","A","Official figure",""
"QCL","Crops and livestock products","250","France","5510","Production","01199.90","Cereals n.e.c.","2020","2020","t","309580","A","Official figure",""
"QCL","Crops and livestock products","250","France","5510","Production","01199.90","Cereals n.e.c.","2021","2021","t","235910","A","Official figure",""
"QCL","Crops and livestock products","250","France","5510","Production","01199.90","Cereals n.e.c.","2022","2022","t","244490","A","Official figure",""
"QCL","Crops and livestock products","250","France","5510","Production","01199.90","Cereals n.e.c.","2023","2023","t","270210","A","Official figure",""
"QCL","Crops and livestock products","250","France","5510","Production","01199.90","Cereals n.e.c.","2024","2024","t","297400","A","Official figure",""
"QCL","Crops and livestock products","250","France","5510","Production","0112","Maize (corn)","2020","2020","t","13726410","A","Official figure",""
"QCL","Crops and livestock products","250","France","5510","Production","0112","Maize (corn)","2021","2021","t","15358290","A","Official figure",""
"QCL","Crops and livestock products","250","France","5510","Production","0112","Maize (corn)","2022","2022","t","10877190","A","Official figure",""
"QCL","Crops and livestock products","250","France","5510","Production","0112","Maize (corn)","2023","2023","t","12834600","A","Official figure",""
"QCL","Crops and livestock products","250","France","5510","Production","0112","Maize (corn)","2024","2024","t","14670620","A","Official figure",""
"QCL","Crops and livestock products","250","France","5510","Production","21111.01","Meat of cattle with the bone, fresh or chilled","2020","2020","t","1434590","A","Official figure",""
"QCL","Crops and livestock products","250","France","5510","Production","21111.01","Meat of cattle with the bone, fresh or chilled","2021","2021","t","1424320","A","Official figure",""
"QCL","Crops and livestock products","250","France","5510","Production","21111.01","Meat of cattle with the bone, fresh or chilled","2022","2022","t","1361310","A","Official figure",""
"QCL","Crops and livestock products","250","France","5510","Production","21111.01","Meat of cattle with the bone, fresh or chilled","2023","2023","t","1301420","A","Official figure",""
"QCL","Crops and livestock products","250","France","5510","Production","21111.01","Meat of cattle with the bone, fresh or chilled","2024","2024","t","1298540","A","Official figure",""
"QCL","Crops and livestock products","250","France","5510","Production","21121","Meat of chickens, fresh or chilled","2020","2020","t","1130000","A","Official figure",""
"QCL","Crops and livestock products","250","France","5510","Production","21121","Meat of chickens, fresh or chilled","2021","2021","t","1143000","A","Official figure",""
"QCL","Crops and livestock products","250","France","5510","Production","21121","Meat of chickens, fresh or chilled","2022","2022","t","1114430","A","Official figure",""
"QCL","Crops and livestock products","250","France","5510","Production","21121","Meat of chickens, fresh or chilled","2023","2023","t","1128280","A","Official figure",""
"QCL","Crops and livestock products","250","France","5510","Production","21121","Meat of chickens, fresh or chilled","2024","2024","t","1245830","A","Official figure",""
"QCL","Crops and livestock products","250","France","5510","Production","21122","Meat of ducks, fresh or chilled","2020","2020","t","192000","A","Official figure",""
"QCL","Crops and livestock products","250","France","5510","Production","21122","Meat of ducks, fresh or chilled","2021","2021","t","177000","A","Official figure",""
"QCL","Crops and livestock products","250","France","5510","Production","21122","Meat of ducks, fresh or chilled","2022","2022","t","117840","A","Official figure",""
"QCL","Crops and livestock products","250","France","5510","Production","21122","Meat of ducks, fresh or chilled","2023","2023","t","136500","A","Official figure",""
"QCL","Crops and livestock products","250","France","5510","Production","21122","Meat of ducks, fresh or chilled","2024","2024","t","187810","A","Official figure",""
"QCL","Crops and livestock products","250","France","5510","Production","21123","Meat of geese, fresh or chilled","2020","2020","t","1529","A","Official figure",""
"QCL","Crops and livestock products","250","France","5510","Production","21123","Meat of geese, fresh or chilled","2021","2021","t","1313","A","Official figure",""
"QCL","Crops and livestock products","250","France","5510","Production","21116","Meat of goat, fresh or chilled","2020","2020","t","6130","A","Official figure",""
"QCL","Crops and livestock products","250","France","5510","Production","21116","Meat of goat, fresh or chilled","2021","2021","t","6210","A","Official figure",""
"QCL","Crops and livestock products","250","France","5510","Production","21116","Meat of goat, fresh or chilled","2022","2022","t","6270","A","Official figure",""
"QCL","Crops and livestock products","250","France","5510","Production","21116","Meat of goat, fresh or chilled","2023","2023","t","5870","A","Official figure",""
"QCL","Crops and livestock products","250","France","5510","Production","21116","Meat of goat, fresh or chilled","2024","2024","t","5830","A","Official figure",""
"QCL","Crops and livestock products","250","France","5510","Production","21113.01","Meat of pig with the bone, fresh or chilled","2020","2020","t","2201110","A","Official figure",""
"QCL","Crops and livestock products","250","France","5510","Production","21113.01","Meat of pig with the bone, fresh or chilled","2021","2021","t","2203830","A","Official figure",""
"QCL","Crops and livestock products","250","France","5510","Production","21113.01","Meat of pig with the bone, fresh or chilled","2022","2022","t","2152260","A","Official figure",""
"QCL","Crops and livestock products","250","France","5510","Production","21113.01","Meat of pig with the bone, fresh or chilled","2023","2023","t","2062460","A","Official figure",""
"QCL","Crops and livestock products","250","France","5510","Production","21113.01","Meat of pig with the bone, fresh or chilled","2024","2024","t","2094250","A","Official figure",""
"QCL","Crops and livestock products","250","France","5510","Production","21114","Meat of rabbits and hares, fresh or chilled","2020","2020","t","26141","A","Official figure",""
"QCL","Crops and livestock products","250","France","5510","Production","21114","Meat of rabbits and hares, fresh or chilled","2021","2021","t","25707","A","Official figure",""
"QCL","Crops and livestock products","250","France","5510","Production","21114","Meat of rabbits and hares, fresh or chilled","2022","2022","t","23357","A","Official figure",""
"QCL","Crops and livestock products","250","France","5510","Production","21114","Meat of rabbits and hares, fresh or chilled","2023","2023","t","22137","A","Official figure",""
"QCL","Crops and livestock products","250","France","5510","Production","21114","Meat of rabbits and hares, fresh or chilled","2024","2024","t","21365","A","Official figure",""
"QCL","Crops and livestock products","250","France","5510","Production","21115","Meat of sheep, fresh or chilled","2020","2020","t","80280","A","Official figure",""
"QCL","Crops and livestock products","250","France","5510","Production","21115","Meat of sheep, fresh or chilled","2021","2021","t","81790","A","Official figure",""
"QCL","Crops and livestock products","250","France","5510","Production","21115","Meat of sheep, fresh or chilled","2022","2022","t","79200","A","Official figure",""
"QCL","Crops and livestock products","250","France","5510","Production","21115","Meat of sheep, fresh or chilled","2023","2023","t","72830","A","Official figure",""
"QCL","Crops and livestock products","250","France","5510","Production","21115","Meat of sheep, fresh or chilled","2024","2024","t","67960","A","Official figure",""
"QCL","Crops and livestock products","250","France","5510","Production","21124","Meat of turkeys, fresh or chilled","2020","2020","t","321000","A","Official figure",""
"QCL","Crops and livestock products","250","France","5510","Production","21124","Meat of turkeys, fresh or chilled","2021","2021","t","295000","A","Official figure",""
"QCL","Crops and livestock products","250","France","5510","Production","21124","Meat of turkeys, fresh or chilled","2022","2022","t","244920","A","Official figure",""
"QCL","Crops and livestock products","250","France","5510","Production","21124","Meat of turkeys, fresh or chilled","2023","2023","t","240230","A","Official figure",""
"QCL","Crops and livestock products","250","France","5510","Production","21124","Meat of turkeys, fresh or chilled","2024","2024","t","256450","A","Official figure",""
"QCL","Crops and livestock products","250","France","5510","Production","01199.02","Mixed grain","2020","2020","t","357640","A","Official figure",""
"QCL","Crops and livestock products","250","France","5510","Production","01199.02","Mixed grain","2021","2021","t","546440","A","Official figure",""
"QCL","Crops and livestock products","250","France","5510","Production","01199.02","Mixed grain","2022","2022","t","462200","A","Official figure",""
"QCL","Crops and livestock products","250","France","5510","Production","01199.02","Mixed grain","2023","2023","t","472570","A","Official figure",""
"QCL","Crops and livestock products","250","France","5510","Production","01199.02","Mixed grain","2024","2024","t","291320","A","Official figure",""
"QCL","Crops and livestock products","250","France","5510","Production","0117","Oats","2020","2020","t","387020","A","Official figure",""
"QCL","Crops and livestock products","250","France","5510","Production","0117","Oats","2021","2021","t","479910","A","Official figure",""
"QCL","Crops and livestock products","250","France","5510","Production","0117","Oats","2022","2022","t","379000","A","Official figure",""
"QCL","Crops and livestock products","250","France","5510","Production","0117","Oats","2023","2023","t","337340","A","Official figure",""
"QCL","Crops and livestock products","250","France","5510","Production","0117","Oats","2024","2024","t","302700","A","Official figure",""
"QCL","Crops and livestock products","250","France","5510","Production","2167","Olive oil","2020","2020","t","3800","X","Figure from external organization","Unofficial figure"
"QCL","Crops and livestock products","250","France","5510","Production","2167","Olive oil","2021","2021","t","4900","X","Figure from external organization","Unofficial figure"
"QCL","Crops and livestock products","250","France","5510","Production","2167","Olive oil","2022","2022","t","5100","X","Figure from external organization","Unofficial figure"
"QCL","Crops and livestock products","250","France","5510","Production","2167","Olive oil","2023","2023","t","3700","X","Figure from external organization","Unofficial figure"
"QCL","Crops and livestock products","250","France","5510","Production","02212","Raw milk of buffalo","2020","2020","t","0","A","Official figure",""
"QCL","Crops and livestock products","250","France","5510","Production","02212","Raw milk of buffalo","2021","2021","t","0","A","Official figure",""
"QCL","Crops and livestock products","250","France","5510","Production","02212","Raw milk of buffalo","2022","2022","t","0","A","Official figure",""
"QCL","Crops and livestock products","250","France","5510","Production","02212","Raw milk of buffalo","2023","2023","t","0","A","Official figure",""
"QCL","Crops and livestock products","250","France","5510","Production","02212","Raw milk of buffalo","2024","2024","t","0","A","Official figure",""
"QCL","Crops and livestock products","250","France","5510","Production","02211","Raw milk of cattle","2020","2020","t","25234840","A","Official figure",""
"QCL","Crops and livestock products","250","France","5510","Production","02211","Raw milk of cattle","2021","2021","t","24760620","A","Official figure",""
"QCL","Crops and livestock products","250","France","5510","Production","02211","Raw milk of cattle","2022","2022","t","24606350","A","Official figure",""
"QCL","Crops and livestock products","250","France","5510","Production","02211","Raw milk of cattle","2023","2023","t","23993580","A","Official figure",""
"QCL","Crops and livestock products","250","France","5510","Production","02211","Raw milk of cattle","2024","2024","t","24204280","A","Official figure",""
"QCL","Crops and livestock products","250","France","5510","Production","02292","Raw milk of goats","2020","2020","t","709510","A","Official figure",""
"QCL","Crops and livestock products","250","France","5510","Production","02292","Raw milk of goats","2021","2021","t","718260","A","Official figure",""
"QCL","Crops and livestock products","250","France","5510","Production","02292","Raw milk of goats","2022","2022","t","733100","A","Official figure",""
"QCL","Crops and livestock products","250","France","5510","Production","02292","Raw milk of goats","2023","2023","t","718100","A","Official figure",""
"QCL","Crops and livestock products","250","France","5510","Production","02292","Raw milk of goats","2024","2024","t","703230","A","Official figure",""
"QCL","Crops and livestock products","250","France","5510","Production","02291","Raw milk of sheep","2020","2020","t","344170","A","Official figure",""
"QCL","Crops and livestock products","250","France","5510","Production","02291","Raw milk of sheep","2021","2021","t","350200","A","Official figure",""
"QCL","Crops and livestock products","250","France","5510","Production","02291","Raw milk of sheep","2022","2022","t","342090","A","Official figure",""
"QCL","Crops and livestock products","250","France","5510","Production","02291","Raw milk of sheep","2023","2023","t","338820","A","Official figure",""
"QCL","Crops and livestock products","250","France","5510","Production","02291","Raw milk of sheep","2024","2024","t","337060","A","Official figure",""
"QCL","Crops and livestock products","250","France","5510","Production","0113","Rice","2020","2020","t","75460","A","Official figure",""
"QCL","Crops and livestock products","250","France","5510","Production","0113","Rice","2021","2021","t","62340","A","Official figure",""
"QCL","Crops and livestock products","250","France","5510","Production","0113","Rice","2022","2022","t","64480","A","Official figure",""
"QCL","Crops and livestock products","250","France","5510","Production","0113","Rice","2023","2023","t","68270","A","Official figure",""
"QCL","Crops and livestock products","250","France","5510","Production","0113","Rice","2024","2024","t","71960","A","Official figure",""
"QCL","Crops and livestock products","250","France","5510","Production","0116","Rye","2020","2020","t","132420","A","Official figure",""
"QCL","Crops and livestock products","250","France","5510","Production","0116","Rye","2021","2021","t","194290","A","Official figure",""
"QCL","Crops and livestock products","250","France","5510","Production","0116","Rye","2022","2022","t","157640","A","Official figure",""
"QCL","Crops and livestock products","250","France","5510","Production","0116","Rye","2023","2023","t","168310","A","Official figure",""
"QCL","Crops and livestock products","250","France","5510","Production","0116","Rye","2024","2024","t","108350","A","Official figure",""
"QCL","Crops and livestock products","250","France","5510","Production","0114","Sorghum","2020","2020","t","431700","A","Official figure",""
"QCL","Crops and livestock products","250","France","5510","Production","0114","Sorghum","2021","2021","t","382280","A","Official figure",""
"QCL","Crops and livestock products","250","France","5510","Production","0114","Sorghum","2022","2022","t","210940","A","Official figure",""
"QCL","Crops and livestock products","250","France","5510","Production","0114","Sorghum","2023","2023","t","303990","A","Official figure",""
"QCL","Crops and livestock products","250","France","5510","Production","0114","Sorghum","2024","2024","t","447110","A","Official figure",""
"QCL","Crops and livestock products","250","France","5510","Production","21631.01","Sunflower-seed oil, crude","2020","2020","t","472200","X","Figure from external organization","Unofficial figure"
"QCL","Crops and livestock products","250","France","5510","Production","21631.01","Sunflower-seed oil, crude","2021","2021","t","531800","X","Figure from external organization","Unofficial figure"
"QCL","Crops and livestock products","250","France","5510","Production","21631.01","Sunflower-seed oil, crude","2022","2022","t","593000","X","Figure from external organization","Unofficial figure"
"QCL","Crops and livestock products","250","France","5510","Production","21631.01","Sunflower-seed oil, crude","2023","2023","t","619600","X","Figure from external organization","Unofficial figure"
"QCL","Crops and livestock products","250","France","5510","Production","01191","Triticale","2020","2020","t","1206560","A","Official figure",""
"QCL","Crops and livestock products","250","France","5510","Production","01191","Triticale","2021","2021","t","1736910","A","Official figure",""
"QCL","Crops and livestock products","250","France","5510","Production","01191","Triticale","2022","2022","t","1613730","A","Official figure",""
"QCL","Crops and livestock products","250","France","5510","Production","01191","Triticale","2023","2023","t","1646460","A","Official figure",""
"QCL","Crops and livestock products","250","France","5510","Production","01191","Triticale","2024","2024","t","1087820","A","Official figure",""
"QCL","Crops and livestock products","250","France","5510","Production","0111","Wheat","2020","2020","t","30181140","A","Official figure",""
"QCL","Crops and livestock products","250","France","5510","Production","0111","Wheat","2021","2021","t","36559450","A","Official figure",""
"QCL","Crops and livestock products","250","France","5510","Production","0111","Wheat","2022","2022","t","34632380","A","Official figure",""
"QCL","Crops and livestock products","250","France","5510","Production","0111","Wheat","2023","2023","t","35995570","A","Official figure",""
"QCL","Crops and livestock products","250","France","5510","Production","0111","Wheat","2024","2024","t","26606940","A","Official figure",""
"QCL","Crops and livestock products","250","France","5510","Production","F1806","Beef and Buffalo Meat, primary","2020","2020","t","1434590","A","Official figure",""
"QCL","Crops and livestock products","250","France","5510","Production","F1806","Beef and Buffalo Meat, primary","2021","2021","t","1424320","A","Official figure",""
"QCL","Crops and livestock products","250","France","5510","Production","F1806","Beef and Buffalo Meat, primary","2022","2022","t","1361310","A","Official figure",""
"QCL","Crops and livestock products","250","France","5510","Production","F1806","Beef and Buffalo Meat, primary","2023","2023","t","1301420","A","Official figure",""
"QCL","Crops and livestock products","250","France","5510","Production","F1806","Beef and Buffalo Meat, primary","2024","2024","t","1298540","A","Official figure",""
"QCL","Crops and livestock products","250","France","5510","Production","F1717","Cereals, primary","2020","2020","t","57085160","A","Official figure",""
"QCL","Crops and livestock products","250","France","5510","Production","F1717","Cereals, primary","2021","2021","t","66877140","A","Official figure",""
"QCL","Crops and livestock products","250","France","5510","Production","F1717","Cereals, primary","2022","2022","t","59927490","A","Official figure",""
"QCL","Crops and livestock products","250","France","5510","Production","F1717","Cereals, primary","2023","2023","t","64240810","A","Official figure",""
"QCL","Crops and livestock products","250","France","5510","Production","F1717","Cereals, primary","2024","2024","t","53553470","A","Official figure",""
"QCL","Crops and livestock products","250","France","5510","Production","F1765","Meat, Total","2020","2020","t","5398452.13","A","Official figure",""
"QCL","Crops and livestock products","250","France","5510","Production","F1765","Meat, Total","2021","2021","t","5363841.74","A","Official figure",""
"QCL","Crops and livestock products","250","France","5510","Production","F1765","Meat, Total","2022","2022","t","5105881.73","A","Official figure",""
"QCL","Crops and livestock products","250","France","5510","Production","F1765","Meat, Total","2023","2023","t","4975905.63","A","Official figure",""
"QCL","Crops and livestock products","250","France","5510","Production","F1765","Meat, Total","2024","2024","t","5183265.7","A","Official figure",""
"QCL","Crops and livestock products","250","France","5510","Production","F1780","Milk, Total","2020","2020","t","26288520","A","Official figure",""
"QCL","Crops and livestock products","250","France","5510","Production","F1780","Milk, Total","2021","2021","t","25829080","A","Official figure",""
"QCL","Crops and livestock products","250","France","5510","Production","F1780","Milk, Total","2022","2022","t","25681540","A","Official figure",""
"QCL","Crops and livestock products","250","France","5510","Production","F1780","Milk, Total","2023","2023","t","25050500","A","Official figure",""
"QCL","Crops and livestock products","250","France","5510","Production","F1780","Milk, Total","2024","2024","t","25244570","A","Official figure",""
"QCL","Crops and livestock products","276","Germany","5510","Production","0115","Barley","2020","2020","t","10769200","A","Official figure",""
"QCL","Crops and livestock products","276","Germany","5510","Production","0115","Barley","2021","2021","t","10411100","A","Official figure",""
"QCL","Crops and livestock products","276","Germany","5510","Production","0115","Barley","2022","2022","t","11207100","A","Official figure",""
"QCL","Crops and livestock products","276","Germany","5510","Production","0115","Barley","2023","2023","t","10999900","A","Official figure",""
"QCL","Crops and livestock products","276","Germany","5510","Production","0115","Barley","2024","2024","t","10610000","A","Official figure",""
"QCL","Crops and livestock products","276","Germany","5510","Production","21118.01","Horse meat, fresh or chilled","2020","2020","t","1800","A","Official figure",""
"QCL","Crops and livestock products","276","Germany","5510","Production","21118.01","Horse meat, fresh or chilled","2021","2021","t","1500","A","Official figure",""
"QCL","Crops and livestock products","276","Germany","5510","Production","21118.01","Horse meat, fresh or chilled","2022","2022","t","1500","A","Official figure",""
"QCL","Crops and livestock products","276","Germany","5510","Production","21118.01","Horse meat, fresh or chilled","2023","2023","t","1600","A","Official figure",""
"QCL","Crops and livestock products","276","Germany","5510","Production","21118.01","Horse meat, fresh or chilled","2024","2024","t","1700","A","Official figure",""
"QCL","Crops and livestock products","276","Germany","5510","Production","0112","Maize (corn)","2020","2020","t","4020000","A","Official figure",""
"QCL","Crops and livestock products","276","Germany","5510","Production","0112","Maize (corn)","2021","2021","t","4462400","A","Official figure",""
"QCL","Crops and livestock products","276","Germany","5510","Production","0112","Maize (corn)","2022","2022","t","3837400","A","Official figure",""
"QCL","Crops and livestock products","276","Germany","5510","Production","0112","Maize (corn)","2023","2023","t","4498900","A","Official figure",""
"QCL","Crops and livestock products","276","Germany","5510","Production","0112","Maize (corn)","2024","2024","t","5010500","A","Official figure",""
"QCL","Crops and livestock products","276","Germany","5510","Production","21111.01","Meat of cattle with the bone, fresh or chilled","2020","2020","t","1092030","A","Official figure",""
"QCL","Crops and livestock products","276","Germany","5510","Production","21111.01","Meat of cattle with the bone, fresh or chilled","2021","2021","t","1080430","A","Official figure",""
"QCL","Crops and livestock products","276","Germany","5510","Production","21111.01","Meat of cattle with the bone, fresh or chilled","2022","2022","t","994910","A","Official figure",""
"QCL","Crops and livestock products","276","Germany","5510","Production","21111.01","Meat of cattle with the bone, fresh or chilled","2023","2023","t","1004600","A","Official figure",""
"QCL","Crops and livestock products","276","Germany","5510","Production","21111.01","Meat of cattle with the bone, fresh or chilled","2024","2024","t","1015350","A","Official figure",""
"QCL","Crops and livestock products","276","Germany","5510","Production","21121","Meat of chickens, fresh or chilled","2020","2020","t","1066000","A","Official figure",""
"QCL","Crops and livestock products","276","Germany","5510","Production","21121","Meat of chickens, fresh or chilled","2021","2021","t","1080000","A","Official figure",""
"QCL","Crops and livestock products","276","Germany","5510","Production","21121","Meat of chickens, fresh or chilled","2022","2022","t","1076000","A","Official figure",""
"QCL","Crops and livestock products","276","Germany","5510","Production","21121","Meat of chickens, fresh or chilled","2023","2023","t","1086000","A","Official figure",""
"QCL","Crops and livestock products","276","Germany","5510","Production","21121","Meat of chickens, fresh or chilled","2024","2024","t","1114000","A","Official figure",""
"QCL","Crops and livestock products","276","Germany","5510","Production","21122","Meat of ducks, fresh or chilled","2020","2020","t","26508","A","Official figure",""
"QCL","Crops and livestock products","276","Germany","5510","Production","21122","Meat of ducks, fresh or chilled","2021","2021","t","21871","A","Official figure",""
"QCL","Crops and livestock products","276","Germany","5510","Production","21122","Meat of ducks, fresh or chilled","2022","2022","t","22000","A","Official figure",""
"QCL","Crops and livestock products","276","Germany","5510","Production","21122","Meat of ducks, fresh or chilled","2023","2023","t","22000","A","Official figure",""
"QCL","Crops and livestock products","276","Germany","5510","Production","21122","Meat of ducks, fresh or chilled","2024","2024","t","19000","A","Official figure",""
"QCL","Crops and livestock products","276","Germany","5510","Production","21123","Meat of geese, fresh or chilled","2020","2020","t","4500","A","Official figure",""
"QCL","Crops and livestock products","276","Germany","5510","Production","21123","Meat of geese, fresh or chilled","2021","2021","t","4100","A","Official figure",""
"QCL","Crops and livestock products","276","Germany","5510","Production","21123","Meat of geese, fresh or chilled","2022","2022","t","3700","A","Official figure",""
"QCL","Crops and livestock products","276","Germany","5510","Production","21123","Meat of geese, fresh or chilled","2023","2023","t","3600","A","Official figure",""
"QCL","Crops and livestock products","276","Germany","5510","Production","21123","Meat of geese, fresh or chilled","2024","2024","t","3200","A","Official figure",""
"QCL","Crops and livestock products","276","Germany","5510","Production","21116","Meat of goat, fresh or chilled","2020","2020","t","0","A","Official figure",""
"QCL","Crops and livestock products","276","Germany","5510","Production","21116","Meat of goat, fresh or chilled","2021","2021","t","450","A","Official figure",""
"QCL","Crops and livestock products","276","Germany","5510","Production","21116","Meat of goat, fresh or chilled","2022","2022","t","450","A","Official figure",""
"QCL","Crops and livestock products","276","Germany","5510","Production","21116","Meat of goat, fresh or chilled","2023","2023","t","440","A","Official figure",""
"QCL","Crops and livestock products","276","Germany","5510","Production","21116","Meat of goat, fresh or chilled","2024","2024","t","450","A","Official figure",""
"QCL","Crops and livestock products","276","Germany","5510","Production","21113.01","Meat of pig with the bone, fresh or chilled","2020","2020","t","5118000","A","Official figure",""
"QCL","Crops and livestock products","276","Germany","5510","Production","21113.01","Meat of pig with the bone, fresh or chilled","2021","2021","t","4971150","A","Official figure",""
"QCL","Crops and livestock products","276","Germany","5510","Production","21113.01","Meat of pig with the bone, fresh or chilled","2022","2022","t","4491710","A","Official figure",""
"QCL","Crops and livestock products","276","Germany","5510","Production","21113.01","Meat of pig with the bone, fresh or chilled","2023","2023","t","4209580","A","Official figure",""
"QCL","Crops and livestock products","276","Germany","5510","Production","21113.01","Meat of pig with the bone, fresh or chilled","2024","2024","t","4289110","A","Official figure",""
"QCL","Crops and livestock products","276","Germany","5510","Production","21115","Meat of sheep, fresh or chilled","2020","2020","t","40000","A","Official figure",""
"QCL","Crops and livestock products","276","Germany","5510","Production","21115","Meat of sheep, fresh or chilled","2021","2021","t","33360","A","Official figure",""
"QCL","Crops and livestock products","276","Germany","5510","Production","21115","Meat of sheep, fresh or chilled","2022","2022","t","31750","A","Official figure",""
"QCL","Crops and livestock products","276","Germany","5510","Production","21115","Meat of sheep, fresh or chilled","2023","2023","t","30360","A","Official figure",""
"QCL","Crops and livestock products","276","Germany","5510","Production","21115","Meat of sheep, fresh or chilled","2024","2024","t","28870","A","Official figure",""
"QCL","Crops and livestock products","276","Germany","5510","Production","21124","Meat of turkeys, fresh or chilled","2020","2020","t","476000","A","Official figure",""
"QCL","Crops and livestock products","276","Germany","5510","Production","21124","Meat of turkeys, fresh or chilled","2021","2021","t","441000","A","Official figure",""
"QCL","Crops and livestock products","276","Germany","5510","Production","21124","Meat of turkeys, fresh or chilled","2022","2022","t","406000","A","Official figure",""
"QCL","Crops and livestock products","276","Germany","5510","Production","21124","Meat of turkeys, fresh or chilled","2023","2023","t","419000","A","Official figure",""
"QCL","Crops and livestock products","276","Germany","5510","Production","21124","Meat of turkeys, fresh or chilled","2024","2024","t","404000","A","Official figure",""
"QCL","Crops and livestock products","276","Germany","5510","Production","01199.02","Mixed grain","2020","2020","t","32200","A","Official figure",""
"QCL","Crops and livestock products","276","Germany","5510","Production","01199.02","Mixed grain","2021","2021","t","26000","A","Official figure",""
"QCL","Crops and livestock products","276","Germany","5510","Production","01199.02","Mixed grain","2022","2022","t","30500","A","Official figure",""
"QCL","Crops and livestock products","276","Germany","5510","Production","01199.02","Mixed grain","2023","2023","t","19500","A","Official figure",""
"QCL","Crops and livestock products","276","Germany","5510","Production","01199.02","Mixed grain","2024","2024","t","36200","A","Official figure",""
"QCL","Crops and livestock products","276","Germany","5510","Production","0117","Oats","2020","2020","t","721900","A","Official figure",""
"QCL","Crops and livestock products","276","Germany","5510","Production","0117","Oats","2021","2021","t","766500","A","Official figure",""
"QCL","Crops and livestock products","276","Germany","5510","Production","0117","Oats","2022","2022","t","754700","A","Official figure",""
"QCL","Crops and livestock products","276","Germany","5510","Production","0117","Oats","2023","2023","t","452000","A","Official figure",""
"QCL","Crops and livestock products","276","Germany","5510","Production","0117","Oats","2024","2024","t","696800","A","Official figure",""
"QCL","Crops and livestock products","276","Germany","5510","Production","02212","Raw milk of buffalo","2020","2020","t","1000","A","Official figure",""
"QCL","Crops and livestock products","276","Germany","5510","Production","02211","Raw milk of cattle","2020","2020","t","33164910","A","Official figure",""
"QCL","Crops and livestock products","276","Germany","5510","Production","02211","Raw milk of cattle","2021","2021","t","32506910","A","Official figure",""
"QCL","Crops and livestock products","276","Germany","5510","Production","02211","Raw milk of cattle","2022","2022","t","32399050","A","Official figure",""
"QCL","Crops and livestock products","276","Germany","5510","Production","02211","Raw milk of cattle","2023","2023","t","34012620","A","Official figure",""
"QCL","Crops and livestock products","276","Germany","5510","Production","02211","Raw milk of cattle","2024","2024","t","33777780","A","Official figure",""
"QCL","Crops and livestock products","276","Germany","5510","Production","02292","Raw milk of goats","2020","2020","t","16280","A","Official figure",""
"QCL","Crops and livestock products","276","Germany","5510","Production","02291","Raw milk of sheep","2020","2020","t","6700","A","Official figure",""
"QCL","Crops and livestock products","276","Germany","5510","Production","0113","Rice","2020","2020","t","0","A","Official figure",""
"QCL","Crops and livestock products","276","Germany","5510","Production","0113","Rice","2021","2021","t","0","A","Official figure",""
"QCL","Crops and livestock products","276","Germany","5510","Production","0113","Rice","2022","2022","t","0","A","Official figure",""
"QCL","Crops and livestock products","276","Germany","5510","Production","0113","Rice","2023","2023","t","0","A","Official figure",""
"QCL","Crops and livestock products","276","Germany","5510","Production","0113","Rice","2024","2024","t","0","A","Official figure",""
"QCL","Crops and livestock products","276","Germany","5510","Production","0116","Rye","2020","2020","t","3513400","A","Official figure",""
"QCL","Crops and livestock products","276","Germany","5510","Production","0116","Rye","2021","2021","t","3325600","A","Official figure",""
"QCL","Crops and livestock products","276","Germany","5510","Production","0116","Rye","2022","2022","t","3132300","A","Official figure",""
"QCL","Crops and livestock products","276","Germany","5510","Production","0116","Rye","2023","2023","t","3124200","A","Official figure",""
"QCL","Crops and livestock products","276","Germany","5510","Production","0116","Rye","2024","2024","t","2584400","A","Official figure",""
"QCL","Crops and livestock products","276","Germany","5510","Production","21631.01","Sunflower-seed oil, crude","2020","2020","t","75200","X","Figure from external organization","Unofficial figure"
"QCL","Crops and livestock products","276","Germany","5510","Production","21631.01","Sunflower-seed oil, crude","2021","2021","t","55300","X","Figure from external organization","Unofficial figure"
"QCL","Crops and livestock products","276","Germany","5510","Production","21631.01","Sunflower-seed oil, crude","2022","2022","t","89800","X","Figure from external organization","Unofficial figure"
"QCL","Crops and livestock products","276","Germany","5510","Production","21631.01","Sunflower-seed oil, crude","2023","2023","t","82900","X","Figure from external organization","Unofficial figure"
"QCL","Crops and livestock products","276","Germany","5510","Production","01191","Triticale","2020","2020","t","2036300","A","Official figure",""
"QCL","Crops and livestock products","276","Germany","5510","Production","01191","Triticale","2021","2021","t","1908600","A","Official figure",""
"QCL","Crops and livestock products","276","Germany","5510","Production","01191","Triticale","2022","2022","t","1929700","A","Official figure",""
"QCL","Crops and livestock products","276","Germany","5510","Production","01191","Triticale","2023","2023","t","1832400","A","Official figure",""
"QCL","Crops and livestock products","276","Germany","5510","Production","01191","Triticale","2024","2024","t","1510900","A","Official figure",""
"QCL","Crops and livestock products","276","Germany","5510","Production","0111","Wheat","2020","2020","t","22172100","A","Official figure",""
"QCL","Crops and livestock products","276","Germany","5510","Production","0111","Wheat","2021","2021","t","21459200","A","Official figure",""
"QCL","Crops and livestock products","276","Germany","5510","Production","0111","Wheat","2022","2022","t","22587300","A","Official figure",""
"QCL","Crops and livestock products","276","Germany","5510","Production","0111","Wheat","2023","2023","t","21535900","A","Official figure",""
"QCL","Crops and livestock products","276","Germany","5510","Production","0111","Wheat","2024","2024","t","18526700","A","Official figure",""
"QCL","Crops and livestock products","276","Germany","5510","Production","F1806","Beef and Buffalo Meat, primary","2020","2020","t","1092030","A","Official figure",""
"QCL","Crops and livestock products","276","Germany","5510","Production","F1806","Beef and Buffalo Meat, primary","2021","2021","t","1080430","A","Official figure",""
"QCL","Crops and livestock products","276","Germany","5510","Production","F1806","Beef and Buffalo Meat, primary","2022","2022","t","994910","A","Official figure",""
"QCL","Crops and livestock products","276","Germany","5510","Production","F1806","Beef and Buffalo Meat, primary","2023","2023","t","1004600","A","Official figure",""
"QCL","Crops and livestock products","276","Germany","5510","Production","F1806","Beef and Buffalo Meat, primary","2024","2024","t","1015350","A","Official figure",""
"QCL","Crops and livestock products","276","Germany","5510","Production","F1717","Cereals, primary","2020","2020","t","43265100","A","Official figure",""
"QCL","Crops and livestock products","276","Germany","5510","Production","F1717","Cereals, primary","2021","2021","t","42359400","A","Official figure",""
"QCL","Crops and livestock products","276","Germany","5510","Production","F1717","Cereals, primary","2022","2022","t","43479000","A","Official figure",""
"QCL","Crops and livestock products","276","Germany","5510","Production","F1717","Cereals, primary","2023","2023","t","42462800","A","Official figure",""
"QCL","Crops and livestock products","276","Germany","5510","Production","F1717","Cereals, primary","2024","2024","t","38975500","A","Official figure",""
"QCL","Crops and livestock products","276","Germany","5510","Production","F1765","Meat, Total","2020","2020","t","7824838","A","Official figure",""
"QCL","Crops and livestock products","276","Germany","5510","Production","F1765","Meat, Total","2021","2021","t","7633861","A","Official figure",""
"QCL","Crops and livestock products","276","Germany","5510","Production","F1765","Meat, Total","2022","2022","t","7028020","A","Official figure",""
"QCL","Crops and livestock products","276","Germany","5510","Production","F1765","Meat, Total","2023","2023","t","6777180","A","Official figure",""
"QCL","Crops and livestock products","276","Germany","5510","Production","F1765","Meat, Total","2024","2024","t","6875680","A","Official figure",""
"QCL","Crops and livestock products","276","Germany","5510","Production","F1780","Milk, Total","2020","2020","t","33188890","A","Official figure",""
"QCL","Crops and livestock products","276","Germany","5510","Production","F1780","Milk, Total","2021","2021","t","32530841.52","A","Official figure",""
"QCL","Crops and livestock products","276","Germany","5510","Production","F1780","Milk, Total","2022","2022","t","32422536.18","A","Official figure",""
"QCL","Crops and livestock products","276","Germany","5510","Production","F1780","Milk, Total","2023","2023","t","34036254.79","A","Official figure",""
"QCL","Crops and livestock products","276","Germany","5510","Production","F1780","Milk, Total","2024","2024","t","33801091.32","A","Official figure",""
"QCL","Crops and livestock products","724","Spain","5510","Production","0115","Barley","2020","2020","t","11465350","A","Official figure",""
"QCL","Crops and livestock products","724","Spain","5510","Production","0115","Barley","2021","2021","t","9275920","A","Official figure",""
"QCL","Crops and livestock products","724","Spain","5510","Production","0115","Barley","2022","2022","t","7029720","A","Official figure",""
"QCL","Crops and livestock products","724","Spain","5510","Production","0115","Barley","2023","2023","t","3757570","A","Official figure",""
"QCL","Crops and livestock products","724","Spain","5510","Production","0115","Barley","2024","2024","t","7440970","A","Official figure",""
"QCL","Crops and livestock products","724","Spain","5510","Production","01199.90","Cereals n.e.c.","2020","2020","t","31750","A","Official figure",""
"QCL","Crops and livestock products","724","Spain","5510","Production","01199.90","Cereals n.e.c.","2021","2021","t","27860","A","Official figure",""
"QCL","Crops and livestock products","724","Spain","5510","Production","01199.90","Cereals n.e.c.","2022","2022","t","5510","A","Official figure",""
"QCL","Crops and livestock products","724","Spain","5510","Production","01199.90","Cereals n.e.c.","2023","2023","t","13400","A","Official figure",""
"QCL","Crops and livestock products","724","Spain","5510","Production","01199.90","Cereals n.e.c.","2024","2024","t","11340","A","Official figure",""
"QCL","Crops and livestock products","724","Spain","5510","Production","21118.01","Horse meat, fresh or chilled","2020","2020","t","9601","A","Official figure",""
"QCL","Crops and livestock products","724","Spain","5510","Production","21118.01","Horse meat, fresh or chilled","2021","2021","t","8498","A","Official figure",""
"QCL","Crops and livestock products","724","Spain","5510","Production","21118.01","Horse meat, fresh or chilled","2022","2022","t","8359","A","Official figure",""
"QCL","Crops and livestock products","724","Spain","5510","Production","21118.01","Horse meat, fresh or chilled","2023","2023","t","8618","A","Official figure",""
"QCL","Crops and livestock products","724","Spain","5510","Production","21118.01","Horse meat, fresh or chilled","2024","2024","t","7739","A","Official figure",""
"QCL","Crops and livestock products","724","Spain","5510","Production","0112","Maize (corn)","2020","2020","t","4214100","A","Official figure",""
"QCL","Crops and livestock products","724","Spain","5510","Production","0112","Maize (corn)","2021","2021","t","4597660","A","Official figure",""
"QCL","Crops and livestock products","724","Spain","5510","Production","0112","Maize (corn)","2022","2022","t","3590260","A","Official figure",""
"QCL","Crops and livestock products","724","Spain","5510","Production","0112","Maize (corn)","2023","2023","t","2835360","A","Official figure",""
"QCL","Crops and livestock products","724","Spain","5510","Production","0112","Maize (corn)","2024","2024","t","3500060","A","Official figure",""
"QCL","Crops and livestock products","724","Spain","5510","Production","21111.01","Meat of cattle with the bone, fresh or chilled","2020","2020","t","677740","A","Official figure",""
"QCL","Crops and livestock products","724","Spain","5510","Production","21111.01","Meat of cattle with the bone, fresh or chilled","2021","2021","t","717880","A","Official figure",""
"QCL","Crops and livestock products","724","Spain","5510","Production","21111.01","Meat of cattle with the bone, fresh or chilled","2022","2022","t","731530","A","Official figure",""
"QCL","Crops and livestock products","724","Spain","5510","Production","21111.01","Meat of cattle with the bone, fresh or chilled","2023","2023","t","697830","A","Official figure",""
"QCL","Crops and livestock products","724","Spain","5510","Production","21111.01","Meat of cattle with the bone, fresh or chilled","2024","2024","t","718450","A","Official figure",""
"QCL","Crops and livestock products","724","Spain","5510","Production","21121","Meat of chickens, fresh or chilled","2020","2020","t","1401410","A","Official figure",""
"QCL","Crops and livestock products","724","Spain","5510","Production","21121","Meat of chickens, fresh or chilled","2021","2021","t","1331410","A","Official figure",""
"QCL","Crops and livestock products","724","Spain","5510","Production","21121","Meat of chickens, fresh or chilled","2022","2022","t","1349990","A","Official figure",""
"QCL","Crops and livestock products","724","Spain","5510","Production","21121","Meat of chickens, fresh or chilled","2023","2023","t","1392770","A","Official figure",""
"QCL","Crops and livestock products","724","Spain","5510","Production","21121","Meat of chickens, fresh or chilled","2024","2024","t","1517910","A","Official figure",""
"QCL","Crops and livestock products","724","Spain","5510","Production","21122","Meat of ducks, fresh or chilled","2020","2020","t","4650","A","Official figure",""
"QCL","Crops and livestock products","724","Spain","5510","Production","21122","Meat of ducks, fresh or chilled","2021","2021","t","5000","A","Official figure",""
"QCL","Crops and livestock products","724","Spain","5510","Production","21122","Meat of ducks, fresh or chilled","2022","2022","t","3170","A","Official figure",""
"QCL","Crops and livestock products","724","Spain","5510","Production","21122","Meat of ducks, fresh or chilled","2023","2023","t","5770","A","Official figure",""
"QCL","Crops and livestock products","724","Spain","5510","Production","21122","Meat of ducks, fresh or chilled","2024","2024","t","6020","A","Official figure",""
"QCL","Crops and livestock products","724","Spain","5510","Production","21116","Meat of goat, fresh or chilled","2020","2020","t","10150","A","Official figure",""
"QCL","Crops and livestock products","724","Spain","5510","Production","21116","Meat of goat, fresh or chilled","2021","2021","t","10130","A","Official figure",""
"QCL","Crops and livestock products","724","Spain","5510","Production","21116","Meat of goat, fresh or chilled","2022","2022","t","11070","A","Official figure",""
"QCL","Crops and livestock products","724","Spain","5510","Production","21116","Meat of goat, fresh or chilled","2023","2023","t","9540","A","Official figure",""
"QCL","Crops and livestock products","724","Spain","5510","Production","21116","Meat of goat, fresh or chilled","2024","2024","t","8710","A","Official figure",""
"QCL","Crops and livestock products","724","Spain","5510","Production","21113.01","Meat of pig with the bone, fresh or chilled","2020","2020","t","5003430","A","Official figure",""
"QCL","Crops and livestock products","724","Spain","5510","Production","21113.01","Meat of pig with the bone, fresh or chilled","2021","2021","t","5180060","A","Official figure",""
"QCL","Crops and livestock products","724","Spain","5510","Production","21113.01","Meat of pig with the bone, fresh or chilled","2022","2022","t","5066350","A","Official figure",""
"QCL","Crops and livestock products","724","Spain","5510","Production","21113.01","Meat of pig with the bone, fresh or chilled","2023","2023","t","4870710","A","Official figure",""
"QCL","Crops and livestock products","724","Spain","5510","Production","21113.01","Meat of pig with the bone, fresh or chilled","2024","2024","t","4956040","A","Official figure",""
"QCL","Crops and livestock products","724","Spain","5510","Production","21114","Meat of rabbits and hares, fresh or chilled","2020","2020","t","51181","A","Official figure",""
"QCL","Crops and livestock products","724","Spain","5510","Production","21114","Meat of rabbits and hares, fresh or chilled","2021","2021","t","47521","A","Official figure",""
"QCL","Crops and livestock products","724","Spain","5510","Production","21114","Meat of rabbits and hares, fresh or chilled","2022","2022","t","40929","A","Official figure",""
"QCL","Crops and livestock products","724","Spain","5510","Production","21114","Meat of rabbits and hares, fresh or chilled","2023","2023","t","37011","A","Official figure",""
"QCL","Crops and livestock products","724","Spain","5510","Production","21114","Meat of rabbits and hares, fresh or chilled","2024","2024","t","33927","A","Official figure",""
"QCL","Crops and livestock products","724","Spain","5510","Production","21115","Meat of sheep, fresh or chilled","2020","2020","t","115120","A","Official figure",""
"QCL","Crops and livestock products","724","Spain","5510","Production","21115","Meat of sheep, fresh or chilled","2021","2021","t","120390","A","Official figure",""
"QCL","Crops and livestock products","724","Spain","5510","Production","21115","Meat of sheep, fresh or chilled","2022","2022","t","119150","A","Official figure",""
"QCL","Crops and livestock products","724","Spain","5510","Production","21115","Meat of sheep, fresh or chilled","2023","2023","t","104660","A","Official figure",""
"QCL","Crops and livestock products","724","Spain","5510","Production","21115","Meat of sheep, fresh or chilled","2024","2024","t","98530","A","Official figure",""
"QCL","Crops and livestock products","724","Spain","5510","Production","21124","Meat of turkeys, fresh or chilled","2020","2020","t","225950","A","Official figure",""
"QCL","Crops and livestock products","724","Spain","5510","Production","21124","Meat of turkeys, fresh or chilled","2021","2021","t","224840","A","Official figure",""
"QCL","Crops and livestock products","724","Spain","5510","Production","21124","Meat of turkeys, fresh or chilled","2022","2022","t","231590","A","Official figure",""
"QCL","Crops and livestock products","724","Spain","5510","Production","21124","Meat of turkeys, fresh or chilled","2023","2023","t","229490","A","Official figure",""
"QCL","Crops and livestock products","724","Spain","5510","Production","21124","Meat of turkeys, fresh or chilled","2024","2024","t","216240","A","Official figure",""
"QCL","Crops and livestock products","724","Spain","5510","Production","01199.02","Mixed grain","2020","2020","t","133120","A","Official figure",""
"QCL","Crops and livestock products","724","Spain","5510","Production","01199.02","Mixed grain","2021","2021","t","112750","A","Official figure",""
"QCL","Crops and livestock products","724","Spain","5510","Production","01199.02","Mixed grain","2022","2022","t","100930","A","Official figure",""
"QCL","Crops and livestock products","724","Spain","5510","Production","01199.02","Mixed grain","2023","2023","t","32940","A","Official figure",""
"QCL","Crops and livestock products","724","Spain","5510","Production","01199.02","Mixed grain","2024","2024","t","120690","A","Official figure",""
"QCL","Crops and livestock products","724","Spain","5510","Production","0117","Oats","2020","2020","t","1377690","A","Official figure",""
"QCL","Crops and livestock products","724","Spain","5510","Production","0117","Oats","2021","2021","t","1194500","A","Official figure",""
"QCL","Crops and livestock products","724","Spain","5510","Production","0117","Oats","2022","2022","t","867850","A","Official figure",""
"QCL","Crops and livestock products","724","Spain","5510","Production","0117","Oats","2023","2023","t","464140","A","Official figure",""
"QCL","Crops and livestock products","724","Spain","5510","Production","0117","Oats","2024","2024","t","1162540","A","Official figure",""
"QCL","Crops and livestock products","724","Spain","5510","Production","2167","Olive oil","2020","2020","t","1356411","A","Official figure",""
"QCL","Crops and livestock products","724","Spain","5510","Production","2167","Olive oil","2021","2021","t","1493008","A","Official figure",""
"QCL","Crops and livestock products","724","Spain","5510","Production","2167","Olive oil","2022","2022","t","666013","A","Official figure",""
"QCL","Crops and livestock products","724","Spain","5510","Production","2167","Olive oil","2023","2023","t","854001","A","Official figure",""
"QCL","Crops and livestock products","724","Spain","5510","Production","02212","Raw milk of buffalo","2020","2020","t","0","A","Official figure",""
"QCL","Crops and livestock products","724","Spain","5510","Production","02212","Raw milk of buffalo","2021","2021","t","0","A","Official figure",""
"QCL","Crops and livestock products","724","Spain","5510","Production","02212","Raw milk of buffalo","2023","2023","t","0","A","Official figure",""
"QCL","Crops and livestock products","724","Spain","5510","Production","02212","Raw milk of buffalo","2024","2024","t","0","A","Official figure",""
"QCL","Crops and livestock products","724","Spain","5510","Production","02211","Raw milk of cattle","2020","2020","t","7606070","A","Official figure",""
"QCL","Crops and livestock products","724","Spain","5510","Production","02211","Raw milk of cattle","2021","2021","t","7623090","A","Official figure",""
"QCL","Crops and livestock products","724","Spain","5510","Production","02211","Raw milk of cattle","2022","2022","t","7454970","A","Official figure",""
"QCL","Crops and livestock products","724","Spain","5510","Production","02211","Raw milk of cattle","2023","2023","t","7564500","A","Official figure",""
"QCL","Crops and livestock products","724","Spain","5510","Production","02211","Raw milk of cattle","2024","2024","t","7576060","A","Official figure",""
"QCL","Crops and livestock products","724","Spain","5510","Production","02292","Raw milk of goats","2020","2020","t","523900","A","Official figure",""
"QCL","Crops and livestock products","724","Spain","5510","Production","02292","Raw milk of goats","2021","2021","t","519200","A","Official figure",""
"QCL","Crops and livestock products","724","Spain","5510","Production","02292","Raw milk of goats","2022","2022","t","482080","A","Official figure",""
"QCL","Crops and livestock products","724","Spain","5510","Production","02292","Raw milk of goats","2023","2023","t","470230","A","Official figure",""
"QCL","Crops and livestock products","724","Spain","5510","Production","02292","Raw milk of goats","2024","2024","t","470220","A","Official figure",""
"QCL","Crops and livestock products","724","Spain","5510","Production","02291","Raw milk of sheep","2020","2020","t","556250","A","Official figure",""
"QCL","Crops and livestock products","724","Spain","5510","Production","02291","Raw milk of sheep","2021","2021","t","560300","A","Official figure",""
"QCL","Crops and livestock products","724","Spain","5510","Production","02291","Raw milk of sheep","2022","2022","t","545950","A","Official figure",""
"QCL","Crops and livestock products","724","Spain","5510","Production","02291","Raw milk of sheep","2023","2023","t","529900","A","Official figure",""
"QCL","Crops and livestock products","724","Spain","5510","Production","02291","Raw milk of sheep","2024","2024","t","540950","A","Official figure",""
"QCL","Crops and livestock products","724","Spain","5510","Production","0113","Rice","2020","2020","t","739230","A","Official figure",""
"QCL","Crops and livestock products","724","Spain","5510","Production","0113","Rice","2021","2021","t","617180","A","Official figure",""
"QCL","Crops and livestock products","724","Spain","5510","Production","0113","Rice","2022","2022","t","350420","A","Official figure",""
"QCL","Crops and livestock products","724","Spain","5510","Production","0113","Rice","2023","2023","t","334100","A","Official figure",""
"QCL","Crops and livestock products","724","Spain","5510","Production","0113","Rice","2024","2024","t","605820","A","Official figure",""
"QCL","Crops and livestock products","724","Spain","5510","Production","0116","Rye","2020","2020","t","407620","A","Official figure",""
"QCL","Crops and livestock products","724","Spain","5510","Production","0116","Rye","2021","2021","t","315750","A","Official figure",""
"QCL","Crops and livestock products","724","Spain","5510","Production","0116","Rye","2022","2022","t","188880","A","Official figure",""
"QCL","Crops and livestock products","724","Spain","5510","Production","0116","Rye","2023","2023","t","121970","A","Official figure",""
"QCL","Crops and livestock products","724","Spain","5510","Production","0116","Rye","2024","2024","t","223510","A","Official figure",""
"QCL","Crops and livestock products","724","Spain","5510","Production","0114","Sorghum","2020","2020","t","21560","A","Official figure",""
"QCL","Crops and livestock products","724","Spain","5510","Production","0114","Sorghum","2021","2021","t","16490","A","Official figure",""
"QCL","Crops and livestock products","724","Spain","5510","Production","0114","Sorghum","2022","2022","t","14970","A","Official figure",""
"QCL","Crops and livestock products","724","Spain","5510","Production","0114","Sorghum","2023","2023","t","31380","A","Official figure",""
"QCL","Crops and livestock products","724","Spain","5510","Production","0114","Sorghum","2024","2024","t","27210","A","Official figure",""
"QCL","Crops and livestock products","724","Spain","5510","Production","21631.01","Sunflower-seed oil, crude","2020","2020","t","460000","X","Figure from external organization","Unofficial figure"
"QCL","Crops and livestock products","724","Spain","5510","Production","21631.01","Sunflower-seed oil, crude","2021","2021","t","455900","X","Figure from external organization","Unofficial figure"
"QCL","Crops and livestock products","724","Spain","5510","Production","21631.01","Sunflower-seed oil, crude","2022","2022","t","476600","X","Figure from external organization","Unofficial figure"
"QCL","Crops and livestock products","724","Spain","5510","Production","21631.01","Sunflower-seed oil, crude","2023","2023","t","481200","X","Figure from external organization","Unofficial figure"
"QCL","Crops and livestock products","724","Spain","5510","Production","01191","Triticale","2020","2020","t","786970","A","Official figure",""
"QCL","Crops and livestock products","724","Spain","5510","Production","01191","Triticale","2021","2021","t","787820","A","Official figure",""
"QCL","Crops and livestock products","724","Spain","5510","Production","01191","Triticale","2022","2022","t","634890","A","Official figure",""
"QCL","Crops and livestock products","724","Spain","5510","Production","01191","Triticale","2023","2023","t","288190","A","Official figure",""
"QCL","Crops and livestock products","724","Spain","5510","Production","01191","Triticale","2024","2024","t","622920","A","Official figure",""
"QCL","Crops and livestock products","724","Spain","5510","Production","0111","Wheat","2020","2020","t","8143510","A","Official figure",""
"QCL","Crops and livestock products","724","Spain","5510","Production","0111","Wheat","2021","2021","t","8564630","A","Official figure",""
"QCL","Crops and livestock products","724","Spain","5510","Production","0111","Wheat","2022","2022","t","6508800","A","Official figure",""
"QCL","Crops and livestock products","724","Spain","5510","Production","0111","Wheat","2023","2023","t","4049230","A","Official figure",""
"QCL","Crops and livestock products","724","Spain","5510","Production","0111","Wheat","2024","2024","t","7147930","A","Official figure",""
"QCL","Crops and livestock products","724","Spain","5510","Production","F1806","Beef and Buffalo Meat, primary","2020","2020","t","677740","A","Official figure",""
"QCL","Crops and livestock products","724","Spain","5510","Production","F1806","Beef and Buffalo Meat, primary","2021","2021","t","717880","A","Official figure",""
"QCL","Crops and livestock products","724","Spain","5510","Production","F1806","Beef and Buffalo Meat, primary","2022","2022","t","731530","A","Official figure",""
"QCL","Crops and livestock products","724","Spain","5510","Production","F1806","Beef and Buffalo Meat, primary","2023","2023","t","697830","A","Official figure",""
"QCL","Crops and livestock products","724","Spain","5510","Production","F1806","Beef and Buffalo Meat, primary","2024","2024","t","718450","A","Official figure",""
"QCL","Crops and livestock products","724","Spain","5510","Production","F1717","Cereals, primary","2020","2020","t","27320900","A","Official figure",""
"QCL","Crops and livestock products","724","Spain","5510","Production","F1717","Cereals, primary","2021","2021","t","25510560","A","Official figure",""
"QCL","Crops and livestock products","724","Spain","5510","Production","F1717","Cereals, primary","2022","2022","t","19292230","A","Official figure",""
"QCL","Crops and livestock products","724","Spain","5510","Production","F1717","Cereals, primary","2023","2023","t","11928280","A","Official figure",""
"QCL","Crops and livestock products","724","Spain","5510","Production","F1717","Cereals, primary","2024","2024","t","20862990","A","Official figure",""
"QCL","Crops and livestock products","724","Spain","5510","Production","F1765","Meat, Total","2020","2020","t","7500375.87","A","Official figure",""
"QCL","Crops and livestock products","724","Spain","5510","Production","F1765","Meat, Total","2021","2021","t","7646872.39","A","Official figure",""
"QCL","Crops and livestock products","724","Spain","5510","Production","F1765","Meat, Total","2022","2022","t","7563280.91","A","Official figure",""
"QCL","Crops and livestock products","724","Spain","5510","Production","F1765","Meat, Total","2023","2023","t","7357541.43","A","Official figure",""
"QCL","Crops and livestock products","724","Spain","5510","Production","F1765","Meat, Total","2024","2024","t","7564707.95","A","Official figure",""
"QCL","Crops and livestock products","724","Spain","5510","Production","F1780","Milk, Total","2020","2020","t","8686220","A","Official figure",""
"QCL","Crops and livestock products","724","Spain","5510","Production","F1780","Milk, Total","2021","2021","t","8702590","A","Official figure",""
"QCL","Crops and livestock products","724","Spain","5510","Production","F1780","Milk, Total","2022","2022","t","8483000","A","Official figure",""
"QCL","Crops and livestock products","724","Spain","5510","Production","F1780","Milk, Total","2023","2023","t","8564630","A","Official figure",""
"QCL","Crops and livestock products","724","Spain","5510","Production","F1780","Milk, Total","2024","2024","t","8587230","A","Official figure",""
"QCL","Crops and livestock products","826","United Kingdom of Great Britain and Northern Ireland","5510","Production","0115","Barley","2020","2020","t","8117000","A","Official figure",""
"QCL","Crops and livestock products","826","United Kingdom of Great Britain and Northern Ireland","5510","Production","0115","Barley","2021","2021","t","6961000","A","Official figure",""
"QCL","Crops and livestock products","826","United Kingdom of Great Britain and Northern Ireland","5510","Production","0115","Barley","2022","2022","t","7385000","A","Official figure",""
"QCL","Crops and livestock products","826","United Kingdom of Great Britain and Northern Ireland","5510","Production","0115","Barley","2023","2023","t","6963000","A","Official figure",""
"QCL","Crops and livestock products","826","United Kingdom of Great Britain and Northern Ireland","5510","Production","0115","Barley","2024","2024","t","7091000","A","Official figure",""
"QCL","Crops and livestock products","826","United Kingdom of Great Britain and Northern Ireland","5510","Production","21170.02","Game meat, fresh, chilled or frozen","2020","2020","t","4651.31","I","Value imputed by a receiving agency",""
"QCL","Crops and livestock products","826","United Kingdom of Great Britain and Northern Ireland","5510","Production","21170.02","Game meat, fresh, chilled or frozen","2021","2021","t","4684.4","I","Value imputed by a receiving agency",""
"QCL","Crops and livestock products","826","United Kingdom of Great Britain and Northern Ireland","5510","Production","21170.02","Game meat, fresh, chilled or frozen","2022","2022","t","4693.09","I","Value imputed by a receiving agency",""
"QCL","Crops and livestock products","826","United Kingdom of Great Britain and Northern Ireland","5510","Production","21170.02","Game meat, fresh, chilled or frozen","2023","2023","t","4688.74","I","Value imputed by a receiving agency",""
"QCL","Crops and livestock products","826","United Kingdom of Great Britain and Northern Ireland","5510","Production","21170.02","Game meat, fresh, chilled or frozen","2024","2024","t","4684.39","I","Value imputed by a receiving agency",""
"QCL","Crops and livestock products","826","United Kingdom of Great Britain and Northern Ireland","5510","Production","21118.01","Horse meat, fresh or chilled","2020","2020","t","5370.01","E","Estimated value",""
"QCL","Crops and livestock products","826","United Kingdom of Great Britain and Northern Ireland","5510","Production","21118.01","Horse meat, fresh or chilled","2021","2021","t","5417.55","E","Estimated value",""
"QCL","Crops and livestock products","826","United Kingdom of Great Britain and Northern Ireland","5510","Production","21118.01","Horse meat, fresh or chilled","2022","2022","t","5433.26","E","Estimated value",""
"QCL","Crops and livestock products","826","United Kingdom of Great Britain and Northern Ireland","5510","Production","21118.01","Horse meat, fresh or chilled","2023","2023","t","6472.78","E","Estimated value",""
"QCL","Crops and livestock products","826","United Kingdom of Great Britain and Northern Ireland","5510","Production","21118.01","Horse meat, fresh or chilled","2024","2024","t","5774.53","E","Estimated value",""
"QCL","Crops and livestock products","826","United Kingdom of Great Britain and Northern Ireland","5510","Production","21111.01","Meat of cattle with the bone, fresh or chilled","2020","2020","t","932000","A","Official figure",""
"QCL","Crops and livestock products","826","United Kingdom of Great Britain and Northern Ireland","5510","Production","21111.01","Meat of cattle with the bone, fresh or chilled","2021","2021","t","906200","A","Official figure",""
"QCL","Crops and livestock products","826","United Kingdom of Great Britain and Northern Ireland","5510","Production","21111.01","Meat of cattle with the bone, fresh or chilled","2022","2022","t","923400","A","Official figure",""
"QCL","Crops and livestock products","826","United Kingdom of Great Britain and Northern Ireland","5510","Production","21111.01","Meat of cattle with the bone, fresh or chilled","2023","2023","t","900600","A","Official figure",""
"QCL","Crops and livestock products","826","United Kingdom of Great Britain and Northern Ireland","5510","Production","21111.01","Meat of cattle with the bone, fresh or chilled","2024","2024","t","934300","A","Official figure",""
"QCL","Crops and livestock products","826","United Kingdom of Great Britain and Northern Ireland","5510","Production","21121","Meat of chickens, fresh or chilled","2020","2020","t","1794000","A","Official figure",""
"QCL","Crops and livestock products","826","United Kingdom of Great Britain and Northern Ireland","5510","Production","21121","Meat of chickens, fresh or chilled","2021","2021","t","1841000","A","Official figure",""
"QCL","Crops and livestock products","826","United Kingdom of Great Britain and Northern Ireland","5510","Production","21121","Meat of chickens, fresh or chilled","2022","2022","t","1846770","A","Official figure",""
"QCL","Crops and livestock products","826","United Kingdom of Great Britain and Northern Ireland","5510","Production","21121","Meat of chickens, fresh or chilled","2023","2023","t","1851010","A","Official figure",""
"QCL","Crops and livestock products","826","United Kingdom of Great Britain and Northern Ireland","5510","Production","21121","Meat of chickens, fresh or chilled","2024","2024","t","1852000","A","Official figure",""
"QCL","Crops and livestock products","826","United Kingdom of Great Britain and Northern Ireland","5510","Production","21122","Meat of ducks, fresh or chilled","2020","2020","t","22700","A","Official figure",""
"QCL","Crops and livestock products","826","United Kingdom of Great Britain and Northern Ireland","5510","Production","21122","Meat of ducks, fresh or chilled","2021","2021","t","21300","A","Official figure",""
"QCL","Crops and livestock products","826","United Kingdom of Great Britain and Northern Ireland","5510","Production","21122","Meat of ducks, fresh or chilled","2022","2022","t","19700","A","Official figure",""
"QCL","Crops and livestock products","826","United Kingdom of Great Britain and Northern Ireland","5510","Production","21122","Meat of ducks, fresh or chilled","2023","2023","t","18100","A","Official figure",""
"QCL","Crops and livestock products","826","United Kingdom of Great Britain and Northern Ireland","5510","Production","21122","Meat of ducks, fresh or chilled","2024","2024","t","27292.17","I","Value imputed by a receiving agency",""
"QCL","Crops and livestock products","826","United Kingdom of Great Britain and Northern Ireland","5510","Production","21123","Meat of geese, fresh or chilled","2020","2020","t","2540.16","I","Value imputed by a receiving agency",""
"QCL","Crops and livestock products","826","United Kingdom of Great Britain and Northern Ireland","5510","Production","21123","Meat of geese, fresh or chilled","2021","2021","t","2158.96","I","Value imputed by a receiving agency",""
"QCL","Crops and livestock products","826","United Kingdom of Great Britain and Northern Ireland","5510","Production","21123","Meat of geese, fresh or chilled","2022","2022","t","2331.77","I","Value imputed by a receiving agency",""
"QCL","Crops and livestock products","826","United Kingdom of Great Britain and Northern Ireland","5510","Production","21123","Meat of geese, fresh or chilled","2023","2023","t","2231.98","I","Value imputed by a receiving agency",""
"QCL","Crops and livestock products","826","United Kingdom of Great Britain and Northern Ireland","5510","Production","21123","Meat of geese, fresh or chilled","2024","2024","t","1724.16","I","Value imputed by a receiving agency",""
"QCL","Crops and livestock products","826","United Kingdom of Great Britain and Northern Ireland","5510","Production","21113.01","Meat of pig with the bone, fresh or chilled","2020","2020","t","984000","A","Official figure",""
"QCL","Crops and livestock products","826","United Kingdom of Great Britain and Northern Ireland","5510","Production","21113.01","Meat of pig with the bone, fresh or chilled","2021","2021","t","1035100","A","Official figure",""
"QCL","Crops and livestock products","826","United Kingdom of Great Britain and Northern Ireland","5510","Production","21113.01","Meat of pig with the bone, fresh or chilled","2022","2022","t","1041400","A","Official figure",""
"QCL","Crops and livestock products","826","United Kingdom of Great Britain and Northern Ireland","5510","Production","21113.01","Meat of pig with the bone, fresh or chilled","2023","2023","t","926400","A","Official figure",""
"QCL","Crops and livestock products","826","United Kingdom of Great Britain and Northern Ireland","5510","Production","21113.01","Meat of pig with the bone, fresh or chilled","2024","2024","t","960800","A","Official figure",""
"QCL","Crops and livestock products","826","United Kingdom of Great Britain and Northern Ireland","5510","Production","21115","Meat of sheep, fresh or chilled","2020","2020","t","296000","A","Official figure",""
"QCL","Crops and livestock products","826","United Kingdom of Great Britain and Northern Ireland","5510","Production","21115","Meat of sheep, fresh or chilled","2021","2021","t","283000","A","Official figure",""
"QCL","Crops and livestock products","826","United Kingdom of Great Britain and Northern Ireland","5510","Production","21115","Meat of sheep, fresh or chilled","2022","2022","t","291200","A","Official figure",""
"QCL","Crops and livestock products","826","United Kingdom of Great Britain and Northern Ireland","5510","Production","21115","Meat of sheep, fresh or chilled","2023","2023","t","286000","A","Official figure",""
"QCL","Crops and livestock products","826","United Kingdom of Great Britain and Northern Ireland","5510","Production","21115","Meat of sheep, fresh or chilled","2024","2024","t","265500","A","Official figure",""
"QCL","Crops and livestock products","826","United Kingdom of Great Britain and Northern Ireland","5510","Production","21124","Meat of turkeys, fresh or chilled","2020","2020","t","174000","A","Official figure",""
"QCL","Crops and livestock products","826","United Kingdom of Great Britain and Northern Ireland","5510","Production","21124","Meat of turkeys, fresh or chilled","2021","2021","t","125000","A","Official figure",""
"QCL","Crops and livestock products","826","United Kingdom of Great Britain and Northern Ireland","5510","Production","21124","Meat of turkeys, fresh or chilled","2022","2022","t","116800","A","Official figure",""
"QCL","Crops and livestock products","826","United Kingdom of Great Britain and Northern Ireland","5510","Production","21124","Meat of turkeys, fresh or chilled","2023","2023","t","110400","A","Official figure",""
"QCL","Crops and livestock products","826","United Kingdom of Great Britain and Northern Ireland","5510","Production","21124","Meat of turkeys, fresh or chilled","2024","2024","t","117531.3","I","Value imputed by a receiving agency",""
"QCL","Crops and livestock products","826","United Kingdom of Great Britain and Northern Ireland","5510","Production","01199.02","Mixed grain","2020","2020","t","34971","A","Official figure",""
"QCL","Crops and livestock products","826","United Kingdom of Great Britain and Northern Ireland","5510","Production","01199.02","Mixed grain","2021","2021","t","43438","A","Official figure",""
"QCL","Crops and livestock products","826","United Kingdom of Great Britain and Northern Ireland","5510","Production","01199.02","Mixed grain","2022","2022","t","42471","A","Official figure",""
"QCL","Crops and livestock products","826","United Kingdom of Great Britain and Northern Ireland","5510","Production","01199.02","Mixed grain","2023","2023","t","47275","A","Official figure",""
"QCL","Crops and livestock products","826","United Kingdom of Great Britain and Northern Ireland","5510","Production","01199.02","Mixed grain","2024","2024","t","46957","A","Official figure",""
"QCL","Crops and livestock products","826","United Kingdom of Great Britain and Northern Ireland","5510","Production","0117","Oats","2020","2020","t","1031000","A","Official figure",""
"QCL","Crops and livestock products","826","United Kingdom of Great Britain and Northern Ireland","5510","Production","0117","Oats","2021","2021","t","1123000","A","Official figure",""
"QCL","Crops and livestock products","826","United Kingdom of Great Britain and Northern Ireland","5510","Production","0117","Oats","2022","2022","t","1107000","A","Official figure",""
"QCL","Crops and livestock products","826","United Kingdom of Great Britain and Northern Ireland","5510","Production","0117","Oats","2023","2023","t","830000","A","Official figure",""
"QCL","Crops and livestock products","826","United Kingdom of Great Britain and Northern Ireland","5510","Production","0117","Oats","2024","2024","t","986000","A","Official figure",""
"QCL","Crops and livestock products","826","United Kingdom of Great Britain and Northern Ireland","5510","Production","21119.90","Other meat of mammals, fresh or chilled","2020","2020","t","2038.4","E","Estimated value",""
"QCL","Crops and livestock products","826","United Kingdom of Great Britain and Northern Ireland","5510","Production","21119.90","Other meat of mammals, fresh or chilled","2021","2021","t","1992.16","E","Estimated value",""
"QCL","Crops and livestock products","826","United Kingdom of Great Britain and Northern Ireland","5510","Production","21119.90","Other meat of mammals, fresh or chilled","2022","2022","t","1967.42","E","Estimated value",""
"QCL","Crops and livestock products","826","United Kingdom of Great Britain and Northern Ireland","5510","Production","21119.90","Other meat of mammals, fresh or chilled","2023","2023","t","1936.55","E","Estimated value",""
"QCL","Crops and livestock products","826","United Kingdom of Great Britain and Northern Ireland","5510","Production","21119.90","Other meat of mammals, fresh or chilled","2024","2024","t","1914.99","E","Estimated value",""
"QCL","Crops and livestock products","826","United Kingdom of Great Britain and Northern Ireland","5510","Production","02211","Raw milk of cattle","2020","2020","t","15685870","A","Official figure",""
"QCL","Crops and livestock products","826","United Kingdom of Great Britain and Northern Ireland","5510","Production","02211","Raw milk of cattle","2021","2021","t","15890600","A","Official figure",""
"QCL","Crops and livestock products","826","United Kingdom of Great Britain and Northern Ireland","5510","Production","02211","Raw milk of cattle","2022","2022","t","15757400","A","Official figure",""
"QCL","Crops and livestock products","826","United Kingdom of Great Britain and Northern Ireland","5510","Production","02211","Raw milk of cattle","2023","2023","t","15759500","A","Official figure",""
"QCL","Crops and livestock products","826","United Kingdom of Great Britain and Northern Ireland","5510","Production","02211","Raw milk of cattle","2024","2024","t","15939047.86","A","Official figure",""
"QCL","Crops and livestock products","826","United Kingdom of Great Britain and Northern Ireland","5510","Production","0116","Rye","2020","2020","t","72450","A","Official figure",""
"QCL","Crops and livestock products","826","United Kingdom of Great Britain and Northern Ireland","5510","Production","0116","Rye","2021","2021","t","194009","A","Official figure",""
"QCL","Crops and livestock products","826","United Kingdom of Great Britain and Northern Ireland","5510","Production","0116","Rye","2022","2022","t","242207","A","Official figure",""
"QCL","Crops and livestock products","826","United Kingdom of Great Britain and Northern Ireland","5510","Production","0116","Rye","2023","2023","t","183543","A","Official figure",""
"QCL","Crops and livestock products","826","United Kingdom of Great Britain and Northern Ireland","5510","Production","0116","Rye","2024","2024","t","138259","A","Official figure",""
"QCL","Crops and livestock products","826","United Kingdom of Great Britain and Northern Ireland","5510","Production","01191","Triticale","2020","2020","t","48568","A","Official figure",""
"QCL","Crops and livestock products","826","United Kingdom of Great Britain and Northern Ireland","5510","Production","01191","Triticale","2021","2021","t","59662","A","Official figure",""
"QCL","Crops and livestock products","826","United Kingdom of Great Britain and Northern Ireland","5510","Production","01191","Triticale","2022","2022","t","45633","A","Official figure",""
"QCL","Crops and livestock products","826","United Kingdom of Great Britain and Northern Ireland","5510","Production","01191","Triticale","2023","2023","t","43602","A","Official figure",""
"QCL","Crops and livestock products","826","United Kingdom of Great Britain and Northern Ireland","5510","Production","01191","Triticale","2024","2024","t","33036","A","Official figure",""
"QCL","Crops and livestock products","826","United Kingdom of Great Britain and Northern Ireland","5510","Production","0111","Wheat","2020","2020","t","9658000","A","Official figure",""
"QCL","Crops and livestock products","826","United Kingdom of Great Britain and Northern Ireland","5510","Production","0111","Wheat","2021","2021","t","13988000","A","Official figure",""
"QCL","Crops and livestock products","826","United Kingdom of Great Britain and Northern Ireland","5510","Production","0111","Wheat","2022","2022","t","15540000","A","Official figure",""
"QCL","Crops and livestock products","826","United Kingdom of Great Britain and Northern Ireland","5510","Production","0111","Wheat","2023","2023","t","13980000","A","Official figure",""
"QCL","Crops and livestock products","826","United Kingdom of Great Britain and Northern Ireland","5510","Production","0111","Wheat","2024","2024","t","11146000","A","Official figure",""
"QCL","Crops and livestock products","826","United Kingdom of Great Britain and Northern Ireland","5510","Production","F1806","Beef and Buffalo Meat, primary","2020","2020","t","932000","A","Official figure",""
"QCL","Crops and livestock products","826","United Kingdom of Great Britain and Northern Ireland","5510","Production","F1806","Beef and Buffalo Meat, primary","2021","2021","t","906200","A","Official figure",""
"QCL","Crops and livestock products","826","United Kingdom of Great Britain and Northern Ireland","5510","Production","F1806","Beef and Buffalo Meat, primary","2022","2022","t","923400","A","Official figure",""
"QCL","Crops and livestock products","826","United Kingdom of Great Britain and Northern Ireland","5510","Production","F1806","Beef and Buffalo Meat, primary","2023","2023","t","900600","A","Official figure",""
"QCL","Crops and livestock products","826","United Kingdom of Great Britain and Northern Ireland","5510","Production","F1806","Beef and Buffalo Meat, primary","2024","2024","t","934300","A","Official figure",""
"QCL","Crops and livestock products","826","United Kingdom of Great Britain and Northern Ireland","5510","Production","F1717","Cereals, primary","2020","2020","t","18961989","A","Official figure",""
"QCL","Crops and livestock products","826","United Kingdom of Great Britain and Northern Ireland","5510","Production","F1717","Cereals, primary","2021","2021","t","22369109","A","Official figure",""
"QCL","Crops and livestock products","826","United Kingdom of Great Britain and Northern Ireland","5510","Production","F1717","Cereals, primary","2022","2022","t","24362311","A","Official figure",""
"QCL","Crops and livestock products","826","United Kingdom of Great Britain and Northern Ireland","5510","Production","F1717","Cereals, primary","2023","2023","t","22047420","A","Official figure",""
"QCL","Crops and livestock products","826","United Kingdom of Great Britain and Northern Ireland","5510","Production","F1717","Cereals, primary","2024","2024","t","19441252","A","Official figure",""
"QCL","Crops and livestock products","826","United Kingdom of Great Britain and Northern Ireland","5510","Production","F1765","Meat, Total","2020","2020","t","4217299.89","A","Official figure",""
"QCL","Crops and livestock products","826","United Kingdom of Great Britain and Northern Ireland","5510","Production","F1765","Meat, Total","2021","2021","t","4225853.07","A","Official figure",""
"QCL","Crops and livestock products","826","United Kingdom of Great Britain and Northern Ireland","5510","Production","F1765","Meat, Total","2022","2022","t","4253695.54","A","Official figure",""
"QCL","Crops and livestock products","826","United Kingdom of Great Britain and Northern Ireland","5510","Production","F1765","Meat, Total","2023","2023","t","4107840.05","A","Official figure",""
"QCL","Crops and livestock products","826","United Kingdom of Great Britain and Northern Ireland","5510","Production","F1765","Meat, Total","2024","2024","t","4171521.54","A","Official figure",""
"QCL","Crops and livestock products","826","United Kingdom of Great Britain and Northern Ireland","5510","Production","F1780","Milk, Total","2020","2020","t","15685870","A","Official figure",""
"QCL","Crops and livestock products","826","United Kingdom of Great Britain and Northern Ireland","5510","Production","F1780","Milk, Total","2021","2021","t","15890600","A","Official figure",""
"QCL","Crops and livestock products","826","United Kingdom of Great Britain and Northern Ireland","5510","Production","F1780","Milk, Total","2022","2022","t","15757400","A","Official figure",""
"QCL","Crops and livestock products","826","United Kingdom of Great Britain and Northern Ireland","5510","Production","F1780","Milk, Total","2023","2023","t","15759500","A","Official figure",""
"QCL","Crops and livestock products","826","United Kingdom of Great Britain and Northern Ireland","5510","Production","F1780","Milk, Total","2024","2024","t","15939047.86","A","Official figure",""
